name,gender,age,height,weight,marks
Florella Cucinotta,Female,16,140,43,79
Leona Curbishley,Female,19,148,42,96
Oswell Mioni,Male,19,150,48,94
Sarge Coomber,Genderqueer,15,146,45,66
Clemence Glenn,Female,18,153,45,90
Naoma McCuish,Female,16,166,40,65
Maiga Espin,Female,15,165,40,52
Cosimo Somerlie,Male,15,168,48,93
Terrie Mussotti,Female,18,142,49,91
Mallissa Cristofano,Female,18,144,45,21
Fee Wasielewski,Male,16,150,43,49
Orlando Lowman,Male,17,149,40,49
Lek D'Agostini,Male,18,162,41,80
Claudius Shropshire,Male,18,157,42,50
Windy Bailess,Female,16,170,50,100
Kanya Yonnie,Female,16,143,43,36
Johan Voff,Male,18,141,41,84
Rea Bremen,Female,15,142,43,66
Zacherie Robberts,Male,15,144,47,34
Bryn Raylton,Male,16,157,40,97
Eward Prydie,Male,18,152,48,2
Moritz Hellin,Male,16,152,45,70
Humberto Jeffs,Male,17,154,44,10
Abbe Ventum,Male,18,148,46,47
Roscoe Braunds,Male,18,143,42,72
Dahlia Sarchwell,Female,16,155,47,3
Omar Allam,Male,18,165,40,24
Jammie Potteridge,Female,16,142,41,47
Adriena Fould,Female,18,140,46,56
Bruno D'Oyley,Male,18,154,48,59
Lynelle Jzhakov,Female,15,160,46,92
Durante Grimster,Male,18,161,49,36
Eduardo Del Dello,Male,16,168,40,28
Norman Delgaty,Male,17,165,41,84
Myron Lemme,Male,15,167,48,75
Ody Georgescu,Male,18,165,50,63
Delmor Poynzer,Male,15,159,48,0
Trixie Sircomb,Female,18,160,49,29
Abbie Caistor,Male,19,149,48,4
Jaye Inskipp,Male,17,158,48,69
Selma Popov,Female,18,153,44,48
Harold Christophle,Male,19,163,44,36
Smith Nutkins,Agender,17,153,48,93
Gisele Gunney,Female,19,144,45,10
Marven Joost,Male,19,168,43,95
Genni Kunneke,Genderfluid,15,158,40,93
Travus Tiffin,Male,15,152,48,11
Derrek Ollivier,Male,17,162,45,100
Peterus Lehrmann,Male,19,170,48,25
Carmela Canero,Female,15,164,40,93
Wilhelm Illidge,Male,17,140,42,68
Cary Wyley,Female,16,143,49,95
Blake Emor,Female,17,159,48,20
Corina Blance,Genderqueer,17,155,45,5
Rina Bessell,Female,18,152,42,89
Griffith Delatour,Male,17,167,41,92
Lothario Gilffilland,Non-binary,18,143,40,74
Evin Crehan,Male,19,170,41,10
Ivy Wigley,Female,16,161,48,49
Dulsea Thebes,Female,15,158,50,51
Veronica Perceval,Female,19,149,47,66
Craggy Mundow,Bigender,15,154,45,18
Eloise Putland,Female,16,145,40,56
Jorry Sivill,Female,15,156,47,65
Melissa Sharville,Female,17,170,48,90
Koenraad Studders,Male,16,149,42,38
Everard Maddocks,Male,18,141,49,29
Valdemar Grove,Agender,19,157,50,51
Ermengarde Lindup,Female,15,152,49,59
Kurtis Woodvine,Bigender,16,147,40,24
Jo-ann Darbishire,Female,16,160,48,57
Brandi Issacoff,Female,18,154,45,21
Blaine Loads,Male,19,144,46,42
Robinia Ludron,Female,15,163,40,44
Joye McKinna,Female,19,157,42,76
Madonna Chumley,Female,18,160,48,72
Maure Drinkale,Female,15,155,43,89
Bret Kitcher,Male,18,142,42,98
Ardyce Mumberson,Female,19,152,41,80
Averell Standrin,Male,17,163,49,74
Sherrie Grant,Female,16,160,44,88
Dana Litterick,Male,18,154,44,50
Karin Siege,Genderfluid,17,148,46,22
Boonie Salaman,Male,17,154,46,96
Keven Reaper,Male,19,149,46,94
Roman O'Garmen,Male,17,159,41,5
Reinaldos Eden,Male,15,143,45,49
Kaylyn Gowans,Female,19,170,45,10
Mohandis Kilty,Male,16,149,48,8
Harrietta Hurnell,Female,19,151,48,46
Ravid Code,Male,18,150,44,35
Karisa Rudgerd,Female,19,143,46,96
Thom Dolbey,Male,17,151,44,26
Bogey Mouse,Genderqueer,18,164,44,97
Jereme Shillabeare,Male,18,163,49,27
Vernice Deex,Female,19,162,44,7
Ajay Mccaull,Female,16,147,50,81
Paul Patise,Male,15,159,43,27
Rolfe Faill,Male,16,144,43,98
Doy Ronaghan,Male,19,169,49,82
Rebekkah Allawy,Polygender,15,168,42,82
Shandee Russam,Female,17,164,46,8
Riordan Birdis,Male,15,160,47,83
Yetty Hartless,Female,18,140,46,86
Alley Frotton,Male,15,166,49,51
Sibella Brunelli,Female,18,146,41,93
Valenka Mudie,Agender,17,147,46,94
Dell Goeff,Male,19,142,48,43
Hasty Powelee,Male,16,159,40,91
Clea Kemmett,Female,18,163,45,95
Analiese Thoma,Female,15,170,49,56
Kalil Dutson,Male,15,148,46,21
Penelopa Bonder,Agender,15,150,40,73
Kerk Strathern,Male,19,153,45,24
Siward Gaw,Male,16,164,45,74
Roderigo Cadge,Male,15,157,43,76
Leilah Spurway,Female,18,149,43,98
Waylen Goodinge,Male,17,140,42,96
Millicent Killingbeck,Female,19,154,45,54
Peri Rickwood,Female,18,146,43,71
Carma Limer,Female,17,146,50,47
Gaylene Coneley,Female,19,145,41,0
Arly Verick,Female,19,165,40,48
Jed Moakson,Male,15,140,50,39
Aleta Wabersich,Female,17,149,41,58
Cicely Simko,Female,19,144,50,20
Doloritas Shurlock,Female,19,151,40,73
Sunshine Larham,Female,17,167,49,19
Larina Hargey,Female,18,150,44,46
Myrlene Glasscock,Female,15,147,43,40
Waring Coulthart,Male,19,157,47,10
Sunny Hamon,Polygender,17,160,40,39
Shirline Mingauld,Female,19,149,44,24
Bank Dadds,Male,19,142,46,70
Eartha Olivier,Female,17,146,44,0
Lamond Tomley,Male,17,157,42,22
Silvain Dudek,Male,18,170,47,28
Abagail Bartol,Female,16,165,42,22
Burt Ianni,Male,17,167,46,80
Vikki Hetterich,Female,19,155,50,13
Kayley Bent,Female,16,157,47,69
Jeffry Frampton,Male,19,163,41,1
Mathilda Hogsden,Female,19,149,45,71
Griswold Case,Male,17,143,47,83
Selia Cleaves,Female,19,170,41,76
Paola Quixley,Non-binary,19,169,45,5
Moselle Creany,Female,19,151,49,79
Whitaker Gauler,Male,18,164,43,95
Kristofor Carding,Male,16,152,49,53
Theressa Iliff,Female,15,159,43,85
Lewes Kamien,Male,19,152,42,30
Inigo Bellhouse,Male,15,170,45,47
Nicolea Freen,Female,15,169,50,73
Clark Lagne,Genderfluid,19,158,42,26
Pace Burner,Male,19,155,46,11
Otha Jursch,Female,18,143,45,19
Pattie Warby,Male,19,162,44,72
Nanine Hrinchishin,Female,15,151,43,19
Edith Campanelle,Female,17,164,42,0
Bidget Durram,Female,19,143,44,40
Nilson Duchesne,Male,18,151,43,88
Davina Gainsburgh,Female,16,166,45,99
Malachi Dinnies,Agender,19,159,45,57
Melantha Leatham,Female,17,143,45,28
Zacharia Giuron,Male,17,151,45,25
Natalie Dodshun,Female,16,149,43,30
Thain Fury,Male,17,147,41,16
Loralee Bairnsfather,Female,15,152,45,31
Alain McGowing,Male,16,149,48,71
Constantine Kiely,Male,17,158,47,23
Jo ann Tupper,Genderfluid,19,160,46,5
Austen Backs,Male,15,154,42,22
Rickert Peaseman,Male,16,142,48,21
Ernestine Bradbeer,Female,15,151,48,11
Darline Muston,Female,15,145,48,51
Esme Skipton,Male,17,166,48,65
Amery Chafney,Male,18,140,49,26
Waverley Crowdace,Male,15,152,42,68
Rutledge Frenzel;,Male,17,143,45,51
Adan Glaze,Female,19,160,43,65
Joachim Corbin,Male,17,156,47,61
Sheryl Ingleby,Female,16,151,42,64
Salomi Trousdale,Female,15,154,41,46
Alyse Bowlesworth,Female,16,160,43,40
Christy Kirkhouse,Male,17,162,47,98
Garland Volker,Female,16,153,43,21
Gwen Hitzschke,Female,19,169,46,22
Bernete Haliburn,Female,15,142,48,64
Shaughn Le - Count,Male,17,169,41,3
Odie Saltwell,Polygender,15,142,45,51
Way Jannings,Male,15,140,47,43
Silvain Windebank,Male,17,150,46,87
Hammad Hutcheon,Male,17,149,44,42
Floris O' Hogan,Female,16,165,48,39
Jackelyn Christoffels,Bigender,17,146,45,60
Arline Causby,Female,16,165,49,88
Diannne Briance,Female,18,156,46,85
Sollie McElroy,Male,15,168,50,89
Cloris Deschlein,Female,18,142,50,46
Lavina Bruckner,Female,17,142,40,92
Stoddard Halse,Female,16,140,48,36
Kathi Mechic,Female,18,147,50,27
Royal Rogister,Male,15,164,41,85
Lou Buckenhill,Male,19,168,45,87
Elton Rollitt,Genderqueer,18,141,46,8
Ada Ghiriardelli,Female,15,141,46,69
Lane Tune,Male,18,161,50,28
Trace Hillburn,Polygender,19,151,46,64
Dominick Greene,Male,16,160,47,83
Missie Houltham,Female,17,168,48,7
Ranice Pethrick,Female,17,142,47,96
Malissa Isherwood,Female,15,145,43,48
Christopher Zoppo,Male,15,165,41,66
Wilburt Benzing,Male,17,170,47,100
Lorilee Caulton,Female,15,149,46,30
Dee dee Marke,Female,16,155,46,13
Inglis Cornell,Male,17,152,46,64
Bren Finnan,Female,19,166,50,85
Randy Ivetts,Male,16,161,40,76
Arliene Iddins,Female,15,142,49,33
Vachel Bonde,Male,19,145,50,72
Indira Hun,Female,17,144,42,86
Mavis Parrot,Female,19,166,50,22
Kari Offield,Genderfluid,17,140,47,77
Gregory Barents,Male,17,166,41,96
Esme Gemlett,Male,15,142,47,3
Collen Boot,Bigender,17,143,49,60
Benedick Sugar,Male,15,169,50,41
Brian Combes,Male,16,159,45,46
Lewiss Skatcher,Bigender,17,156,45,8
Christabella Jantet,Female,17,168,49,69
Meriel Keedwell,Female,15,159,49,91
Arabele Trevett,Genderqueer,16,160,48,55
Giffard Brunon,Male,15,159,41,59
Sasha Petrishchev,Male,17,170,45,54
Lianne Krause,Female,16,152,49,41
Lezley Scallon,Male,18,170,48,24
Susan McLoney,Female,18,164,40,5
Hieronymus Franseco,Male,15,145,44,82
Noll Egginson,Male,18,157,49,100
Alison McRamsey,Female,16,140,44,37
Eustacia Andriveau,Agender,19,151,49,58
Sissy Saywell,Female,15,146,45,33
Morris Cromar,Male,17,169,41,79
Park Mannagh,Male,15,143,44,90
Robby Ilymanov,Female,15,147,49,66
Addy Castagna,Bigender,19,153,47,60
Taddeo Largan,Male,15,160,47,0
Woodrow Gravatt,Agender,19,150,43,92
Judith Pullen,Female,17,149,45,53
Nanete Hairs,Female,17,153,43,1
Kattie Cranke,Female,18,162,46,41
Dalila Sopp,Female,16,140,50,20
Gwenore Mathivat,Female,19,155,42,10
Brande Diggens,Female,16,161,42,64
Lucian Skeete,Male,15,150,45,79
Porty Dugald,Male,19,169,48,48
Orel Scay,Female,18,151,42,4
Emmery Callis,Male,15,164,42,16
Magdalena Lansley,Female,16,155,46,75
Marven Dasent,Genderfluid,17,170,50,61
Paco Towndrow,Bigender,15,169,44,64
Antonie Coleby,Non-binary,19,156,43,17
Sigismond Reide,Male,15,143,46,93
Madelle Haugg,Female,19,168,40,91
Jameson Sparry,Male,17,164,50,41
Imogene Duigenan,Female,17,141,46,98
Daren Vogl,Male,17,168,50,80
Ibrahim Deners,Male,19,140,45,83
Modestine Mongain,Female,16,169,46,93
Boonie Harnetty,Genderfluid,16,142,48,34
Bevon Lidyard,Male,19,164,45,28
Paige McGillivray,Male,16,161,40,60
Joachim Kelemen,Male,18,144,50,36
Averell Wandrack,Male,18,151,46,87
Aleksandr Riddles,Male,18,147,49,43
Andrus Bagge,Male,16,151,50,62
Misha Comizzoli,Female,15,159,40,30
Brietta Fancutt,Female,18,163,48,39
Pennie Benito,Male,18,165,45,84
Zebedee Kiddy,Male,17,143,43,92
Enrico Stocking,Male,16,169,49,5
Barnard Sizey,Male,18,163,50,15
Adan Vedishchev,Female,17,170,48,75
Monro Borth,Male,17,143,41,11
Brice Easter,Male,17,166,45,29
Smith Hallas,Male,18,152,42,66
Alanson Lerner,Male,19,143,49,100
Bettine Robins,Genderqueer,18,162,44,27
Vivianna Benjafield,Female,16,153,44,12
Lanni Iacoviello,Female,15,169,45,25
Alyson Camier,Female,17,166,46,11
Marylynne Christofol,Female,19,148,42,27
Addie Tohill,Male,17,160,41,43
Ortensia Drakes,Female,15,153,42,62
Antonio Hatliffe,Male,16,164,49,65
Auberon Theriot,Male,17,143,49,29
Kennith Brookson,Male,18,152,46,17
Linda Gillmore,Female,18,144,45,95
Garner Sporton,Male,15,165,46,34
Felice Estcourt,Male,17,149,43,90
Lynne Hardbattle,Bigender,18,163,40,63
Jule Jeavons,Male,15,140,50,17
Inigo Islip,Male,16,154,46,0
Ginni Furlow,Female,19,142,47,25
Sidonnie Saterthwait,Female,16,140,44,93
Donnie Neesam,Male,15,152,50,17
Otes Vlasov,Male,18,148,45,10
Rodney Campsall,Male,19,161,42,54
Paco Berney,Male,15,142,47,99
Merla Howchin,Female,19,149,47,18
Madelena Ghiraldi,Female,19,142,42,41
Terrill Beale,Male,17,166,49,3
Ryun de Wilde,Male,15,151,46,67
Tressa Casarino,Female,15,165,45,96
Adriaens Trotter,Female,16,146,41,5
Foster Purselow,Male,15,142,44,11
Odelinda Garmey,Female,17,145,40,73
Taite Lipsett,Bigender,18,154,44,10
Baron Jovovic,Male,16,150,48,86
Pall Sparshett,Male,18,150,49,6
Amie MacNally,Female,16,157,44,97
Ambrosi Fake,Male,15,144,50,63
Violette Scragg,Female,18,140,49,9
Nadiya Chastagnier,Female,19,153,49,7
Bunnie Flasby,Female,19,169,49,77
Ky Rameaux,Male,18,169,40,34
Merla Derx,Female,18,144,43,97
Tybie Blunt,Female,17,152,48,32
Hubey Cheer,Male,19,158,41,43
Lorry Banfill,Male,16,154,41,19
Ervin Scibsey,Male,15,151,41,100
Winnie Zannotti,Male,18,162,43,41
Rancell Kingshott,Male,17,166,42,3
Loydie Harkins,Male,16,145,47,86
Flory Fleming,Female,19,158,47,26
Felice Davis,Male,15,149,42,18
Poppy Bouldstridge,Female,17,165,42,14
Bride Duckworth,Female,19,159,43,50
Linnell Scallon,Female,16,159,50,33
Bowie Breslane,Male,15,142,43,45
Gabby Oliphard,Male,16,170,45,85
Pinchas Pedley,Male,18,144,50,72
Alva Dimelow,Genderfluid,19,145,50,41
Margaretha Senten,Female,16,142,41,82
Chick Giller,Male,19,156,44,21
Elita Tapson,Female,18,155,47,100
Catlaina Guilford,Female,17,143,48,36
Adel Phil,Female,18,148,49,15
Barbara Brussels,Female,16,146,49,13
Camey Plews,Male,19,154,50,89
Nathalia Quittonden,Female,18,152,46,44
Adda Stollery,Female,16,142,43,77
Shandie Kidman,Female,17,156,43,78
Klaus Dillicate,Male,17,155,43,44
Penny Filippo,Female,17,169,47,18
Carlina Lowensohn,Female,15,154,47,85
Elton Gertz,Male,16,154,46,5
Kimberlee Sanja,Female,16,154,50,85
Kayley Tassell,Female,18,141,41,50
Missie Dyos,Genderqueer,19,164,49,57
Chase Dahler,Male,15,156,49,30
Tanny Swindon,Male,19,169,45,29
Shea Woodus,Genderqueer,19,165,46,70
Deck Farfull,Male,15,149,45,26
Torie Grigson,Female,18,155,43,92
Kaia Karolowski,Female,18,140,43,28
Rubie Meachan,Genderfluid,18,167,42,84
Trueman Wheelton,Male,17,164,40,59
Jake Tomenson,Male,17,159,44,40
Gabriellia Casbon,Female,16,152,48,82
Fallon Gurrado,Non-binary,15,161,42,27
Flin Storah,Genderfluid,19,143,50,22
Louella Guthrum,Female,16,170,47,89
Robin Hegley,Male,17,145,43,39
Quint Dysert,Male,15,162,42,36
Lucius Bach,Male,17,165,44,29
Cathi Grestye,Female,18,144,49,9
Rollins Hellmer,Male,18,146,44,98
Shaun Bradnam,Genderqueer,16,165,48,56
Binni Jaquin,Female,19,151,40,15
Rochester Binns,Male,19,152,40,66
Kyla Assiter,Polygender,18,170,46,93
Kendal Wieprecht,Male,15,146,50,95
Bart Fores,Polygender,19,153,48,78
Reta Bangs,Female,15,167,40,79
Ame Condict,Female,16,142,40,91
Vlad Bezzant,Male,15,170,44,35
Phaidra Pachmann,Female,18,157,43,90
Georgia Labrom,Female,16,148,47,90
Gerta Bulger,Female,15,162,42,26
Darren Sides,Male,16,159,50,13
Nealon Chrispin,Male,16,149,48,85
Hermione Ravenhills,Genderqueer,17,168,49,41
Arnaldo Grinov,Male,18,154,45,28
Chere Keays,Female,16,170,47,18
Rosella Garrould,Female,15,152,40,19
Gwendolyn Lewins,Female,19,168,48,53
Janith Scotfurth,Female,19,149,48,58
Stephanie McIan,Female,19,166,46,33
Bernita Wynn,Female,15,159,47,83
Adriena Tumilson,Female,16,164,45,20
Maddy Priestner,Female,17,161,42,98
Maurizio Le Breton,Male,18,144,41,98
Norean Butters,Bigender,17,159,41,15
Akim Poplee,Male,17,158,43,46
Tawnya Glanz,Polygender,16,157,49,3
Martica Hague,Genderqueer,15,170,48,0
Evin Crowley,Male,15,153,40,82
Trisha Willwood,Female,18,146,48,70
Sibeal Heinlein,Female,15,154,49,50
Lizabeth Jowitt,Polygender,18,141,41,72
Mirilla Petheridge,Female,16,143,40,43
Donall MacAnulty,Male,19,163,46,22
Darrelle Petrovic,Female,17,152,47,59
Parsifal Haselup,Male,19,148,48,62
Alisun Watmore,Female,15,160,44,40
Marmaduke Brigge,Male,17,154,50,97
Gerik Van Baaren,Non-binary,18,149,49,92
Burg Bourke,Male,19,150,50,49
Fernande Drakers,Female,18,152,43,19
Hogan Duckham,Male,15,163,41,50
Dalt Pollendine,Male,19,158,40,47
Sheela Swindells,Female,19,152,43,79
Rickert Littrick,Male,18,145,45,77
Freddy Gerlts,Male,19,147,42,62
Norbie Magwood,Male,18,158,44,66
Cathrin Possel,Female,19,146,42,35
Emilie Mendonca,Genderfluid,17,152,46,45
Minor Spurden,Male,18,163,42,13
Dennet MacCafferky,Male,16,151,43,3
Kerry Backs,Male,17,168,46,47
Laurianne Picot,Female,15,156,43,86
Helen Ferrero,Female,19,169,40,2
Michel Tanner,Polygender,17,162,49,59
Maximilian Pallent,Male,18,140,40,23
Waite Vivash,Male,16,143,50,90
Almeda Feldberg,Female,18,165,48,87
Tarrance Rudram,Male,18,143,48,4
Kinna Gladebeck,Female,17,160,45,36
Timothee Stiles,Polygender,16,147,47,73
Karalee Lipson,Female,15,169,48,74
Robby Tomley,Male,15,154,50,55
Tomi Rival,Female,17,153,46,96
Brigit Matthiae,Female,19,157,49,8
Warner Charters,Male,17,143,40,68
Hartley Como,Male,18,152,43,37
Florentia Peartree,Female,19,164,40,91
Raoul Doding,Male,15,142,49,60
Aldous Schusterl,Male,15,167,50,83
Wynnie Scirman,Female,15,141,46,55
Ashleigh Tookill,Agender,18,145,43,58
Rochette Purselowe,Female,19,161,46,2
Dov Battershall,Male,18,163,41,28
Maribel Swannie,Female,17,146,43,60
Tabbie Flanaghan,Polygender,16,143,47,12
Balduin Sword,Male,16,157,49,72
Jocko Lockery,Male,19,147,48,34
Wendel Arton,Male,18,152,49,31
Eleanora Girkin,Female,15,163,46,47
Haslett Shearwood,Male,15,156,47,84
Gavan Kingett,Male,15,164,41,84
Griselda Frammingham,Female,16,149,47,29
Erv Smieton,Male,19,148,48,0
Corbet Extill,Male,19,160,50,13
Marget Yewdall,Female,17,152,49,61
Artur Dahlberg,Male,19,157,44,92
Therese De Lacey,Polygender,17,151,46,22
Flin Sutherington,Male,18,143,46,87
Erik Manderson,Male,16,154,43,50
Stephanus Croad,Male,17,143,49,95
Fernando Wardrop,Polygender,18,143,45,22
Orville Pie,Male,18,162,45,41
Marylee Gambles,Female,18,143,43,17
Giacopo Murrum,Male,16,149,41,36
Salvidor Sandercroft,Male,16,151,44,48
Frederic Crosbie,Male,18,163,42,79
Morgen Janak,Female,15,164,44,30
Warren Cluett,Male,17,160,50,76
Celestine Newitt,Female,18,160,46,70
Trever Menco,Male,18,143,45,87
Maitilde Heinig,Female,16,144,44,38
Erin Hardes,Female,17,142,43,67
Ethelda Koppe,Female,16,152,49,7
Nicolas Mattholie,Male,15,143,46,44
Maryjane Bowerbank,Female,16,167,45,5
Rochester Targe,Male,15,144,46,60
Poul May,Male,18,157,46,16
Pat Pucknell,Female,19,162,44,82
Adan Brouwer,Male,15,142,41,24
Kristen Syddon,Female,15,159,40,85
Filip Lynd,Male,16,168,48,16
Shaine MacGow,Male,17,147,42,8
Nina Dallon,Female,18,170,49,58
Levin Gribbon,Agender,19,164,50,98
Karil Frank,Female,16,147,49,24
Cece Stace,Male,19,169,41,41
Angelo Bauldrey,Male,17,170,47,63
Susanne MacNalley,Genderqueer,15,151,41,62
Nefen Tregonna,Genderfluid,18,164,45,72
Guy Whitmore,Male,19,153,48,7
Brandy Kennedy,Male,17,167,44,88
Yanaton Gamell,Male,16,169,46,5
Hilde Crisall,Female,17,163,46,9
Hans Handasyde,Male,17,149,49,16
Korrie Surguine,Female,17,154,43,83
Kiersten Blasius,Female,18,141,45,48
Bert Tilbury,Male,17,164,50,20
Deeann Habgood,Female,18,148,48,39
Gwen Skiplorne,Female,16,158,43,32
Kendricks Gerdts,Polygender,19,145,41,54
Glenn Petrescu,Female,19,150,48,64
Johannah Paeckmeyer,Agender,18,170,45,16
Charita Dixon,Female,17,147,40,48
Roarke Blatherwick,Male,19,151,43,87
Jacki Tucknott,Female,18,155,46,51
Idell Gransden,Female,18,157,50,54
Caterina Maass,Female,18,145,50,53
Corine Banbrick,Female,18,167,45,100
Agathe Feronet,Female,16,163,41,20
Victor Bullers,Male,18,146,49,50
Kiersten Venable,Female,17,149,49,67
Oona Upsale,Female,19,159,49,42
Irene Hyndman,Bigender,15,154,46,44
Ezekiel Challiss,Male,19,150,43,7
Ian Balassa,Male,17,144,44,14
Starlene MacKerley,Female,15,152,44,92
Baillie Petris,Male,16,147,50,1
Jackquelin Chrisp,Female,19,166,47,41
Cori Gheeorghie,Female,16,152,49,58
Hasty Philipot,Male,16,140,44,80
Herrick Such,Bigender,19,141,48,39
Othelia Filshin,Female,16,156,45,9
Phil Nolleth,Female,19,154,50,26
Mala Biever,Female,17,151,41,47
Ameline Paver,Female,19,153,49,41
Colby Reckus,Male,16,141,40,13
Walt Po,Male,15,170,46,13
Sybilla Melladew,Female,19,153,40,1
Kingsly Havile,Male,17,167,41,72
Hermina Kettell,Female,17,149,42,72
Bail Blanckley,Male,17,140,42,14
Nobie Gillott,Male,15,156,40,31
Dorisa Borne,Female,17,163,40,2
Thomasin Bickerstaff,Female,18,156,44,2
Marmaduke Santhouse,Male,15,170,42,71
Kristopher Upton,Male,15,148,43,40
Daloris Tivnan,Female,18,142,50,14
Astrix Dake,Female,19,153,47,19
Shanan Cleeve,Male,15,169,43,86
Ara Foker,Male,18,155,46,13
Kalle Gehrtz,Male,17,146,42,47
Franciska Lidington,Female,17,150,44,85
Joanna Merrigan,Female,19,149,40,86
Tadio Camelia,Genderfluid,19,161,48,87
Arne Burger,Male,15,156,50,42
Ashley Trathen,Male,19,156,45,48
Tonia Bulfoy,Female,19,168,41,85
Siffre Reany,Male,16,161,50,36
Rossie Simson,Male,17,152,41,33
Celka Thrustle,Female,18,157,41,66
Tresa Le Count,Female,17,140,48,62
Colver Dennerly,Male,16,166,42,26
Audry Backhurst,Female,18,154,40,7
Olenolin Swendell,Male,15,147,40,23
Jeniffer Bilton,Female,19,167,44,33
Nanny Hellier,Female,16,148,43,95
Rouvin Artz,Male,17,168,44,86
Stanford Dominici,Male,18,158,50,0
Jory Metschke,Male,15,147,50,99
Shalne Butterley,Female,18,156,40,5
Kenneth Sicha,Male,15,145,41,26
Lukas Doorly,Male,17,147,43,34
Debby Deehan,Female,19,152,50,50
Ulysses Adair,Male,17,149,46,71
Monroe Albrighton,Male,19,169,46,35
Amble Strickland,Male,15,159,47,62
Angelita Bauldrey,Female,18,157,40,50
Calla Huet,Female,15,164,46,38
Durante Brunini,Male,15,148,46,15
Zonnya Draco,Female,17,145,47,48
Kandace O' Ronan,Agender,19,144,44,46
Christalle Nyssen,Female,15,170,42,3
Simone Cannell,Female,15,169,40,35
Caty Ambrogioli,Female,18,156,44,7
Loleta Klejin,Female,16,162,42,4
Sheelah Liccardo,Female,16,151,50,42
Jarret Womersley,Male,17,166,47,42
Dionysus Claridge,Male,16,163,42,6
Patrica Ellicombe,Female,15,141,40,6
Alex Rainsdon,Male,16,148,45,33
Elaina Gooders,Female,15,143,45,55
Jeri Camlin,Female,15,165,45,0
Alexa Sextone,Female,16,141,49,40
Almire Allom,Female,18,142,42,75
Kimball Gitthouse,Male,19,164,43,57
Franzen Tranmer,Male,16,146,48,14
Andrea Hollibone,Male,18,153,44,1
Erminia Waudby,Female,19,154,48,85
Stanley Gowanson,Male,18,165,50,11
Teddie O'Luby,Female,15,164,46,44
Franklyn McLelland,Male,19,164,44,47
Irv Mowle,Male,18,144,48,96
Roy McRinn,Male,18,141,44,57
Thedric Croney,Male,15,151,40,17
Nikita Kingstne,Male,15,157,47,61
Guilbert Rusling,Male,19,150,43,56
Nicolis de Zamora,Male,18,163,49,48
Jesselyn Stickles,Female,15,168,46,3
Norry Hanvey,Male,19,156,48,17
Cosetta Twigley,Agender,16,142,42,62
Fax Hurll,Male,19,143,45,10
Ashlee Kosel,Agender,19,158,40,8
Land Yude,Bigender,16,170,46,9
Reine Barrett,Female,16,160,45,84
Prudi Cory,Female,19,146,42,7
Melosa Garnall,Female,19,168,48,72
Catie Rexworthy,Female,18,166,44,39
Hadrian Setch,Genderfluid,16,157,49,12
Rufus Muriel,Male,17,146,41,44
Adriano Blaze,Male,15,170,40,12
Keelby Pettett,Male,15,147,42,45
Trumann MacMearty,Male,15,148,50,81
Murvyn Benam,Male,15,162,40,98
Darby Adaway,Genderqueer,19,147,45,95
Tyrone Priestman,Male,19,155,48,59
Ryon Bouda,Male,15,153,41,97
Iormina Lowton,Female,17,167,47,83
Jess Tilt,Female,18,151,43,46
Zack Angelini,Male,15,157,44,27
Adria Mannakee,Female,15,145,41,97
Franchot Wilden,Male,15,153,41,84
Marco Dryden,Male,18,147,41,23
Salvatore Kleiser,Male,18,149,46,35
Darin Eliez,Male,17,162,50,85
Thadeus Rhodus,Male,19,152,48,77
Mariquilla Copland,Female,16,167,48,6
Inglis Bexley,Male,16,170,45,72
Griswold Hartfield,Male,16,162,50,40
Mauricio Keson,Male,17,156,44,51
Lorrie Craufurd,Male,15,157,48,0
Ardyth Snibson,Female,15,148,49,52
Vikki Van Daalen,Female,19,165,46,19
Rayshell Mowles,Bigender,19,155,45,4
Sheff Spear,Genderqueer,16,160,50,31
Marice Durrell,Female,18,151,49,48
Rikki Eagger,Male,17,151,41,68
Onida Creek,Female,15,155,43,70
Ivette Danzelman,Female,15,148,40,32
Magnum Zack,Male,15,150,44,47
Jens Enriques,Male,15,152,49,89
Farica Asbrey,Female,18,143,48,88
Major Clemencet,Male,17,164,41,77
Romain Bugbee,Male,18,169,46,11
Creighton Longthorn,Male,15,166,42,28
Robina Killbey,Female,16,158,46,25
Rollin Pelcheur,Male,17,147,47,89
Irene Toffolini,Female,16,158,43,89
Carin Wollacott,Female,19,169,44,83
Michelina Runciman,Genderqueer,17,151,43,5
Daisy Reef,Female,19,170,42,30
Harriet Pietersen,Female,19,156,48,15
Nichole Doblin,Male,19,163,45,7
Elizabeth Faier,Female,18,159,41,72
Rey Huzzay,Male,19,161,46,28
Wilton Curryer,Male,16,144,50,97
Winfred Le Breton,Male,16,151,41,86
Silva Fitter,Female,15,163,43,67
Clea Goatcher,Polygender,15,159,50,65
Brigida Scanterbury,Female,16,164,45,80
Portie Stode,Male,19,162,50,39
Emile Whittingham,Male,16,162,45,6
Andris Vinall,Male,16,148,49,14
Liesa Bryer,Female,16,144,50,93
Jeanie Bagnold,Female,19,164,45,12
Bryan Ivakin,Male,17,164,43,71
Barron Mollatt,Male,18,145,45,5
Grover McGougan,Male,16,157,46,53
Rowen O'dell,Male,17,140,40,62
Ayn Rossiter,Female,15,159,48,29
Johannah Tampin,Female,16,162,46,15
Kennett Giacoppo,Male,15,169,49,1
Iosep Ouldred,Male,16,145,40,20
Melany Elkington,Female,18,141,43,15
Nickolaus Standbrooke,Bigender,19,164,46,16
Jessie Jakubski,Male,16,152,40,4
Madelon Happer,Female,16,140,42,0
Alonso Millard,Male,16,140,49,20
Joli Gouldsmith,Female,17,162,42,79
Urban Haire,Male,17,155,41,25
Jerrine Kitcatt,Agender,15,157,43,78
Mildred Kliesl,Female,18,167,47,67
Sylvia Izakson,Genderqueer,19,149,45,82
Rolfe Asee,Male,15,145,41,92
Hobey Tremouille,Male,18,142,50,39
Noemi Rosencwaig,Female,18,147,44,34
Timmy Olifard,Male,17,149,45,88
Timmie Tille,Female,18,152,50,82
Filmore Branwhite,Male,18,141,43,45
Talyah McCreath,Female,18,161,42,99
Julianna Studdeard,Female,18,169,45,34
Tabbitha Siely,Female,17,169,41,39
Eleonore Alsford,Female,17,162,44,98
Casar Edelman,Male,15,168,43,37
Regan Pail,Male,18,161,50,28
Walton Challice,Male,19,151,44,32
Dennison Thirtle,Male,15,159,40,51
Parrnell Ianelli,Male,17,160,42,41
Georas Garnul,Male,16,149,48,49
Kenon Bendson,Male,18,144,46,41
Schuyler Vearncomb,Male,18,146,47,10
Remus Charity,Male,18,166,49,70
Johnette Rountree,Female,17,158,48,50
Dane Kreutzer,Male,15,159,41,65
Ivory Hubball,Female,17,152,41,37
Cosmo Bessett,Male,15,169,45,41
Christophe Ayris,Male,15,162,45,38
Ricardo Oxbie,Male,17,154,48,43
Swen Valentin,Male,15,144,50,85
Rorke Clineck,Male,16,147,44,56
Lisbeth Jeness,Female,15,169,50,68
Hesther Perrin,Female,19,148,41,67
Felisha Bodimeade,Genderqueer,17,148,43,6
Anitra McCawley,Female,15,147,45,62
Retha Rearden,Genderfluid,18,156,40,10
Powell Hedman,Male,15,149,47,58
Klarika Vignaux,Female,19,161,49,84
Corry Elcock,Female,19,155,41,87
Kelbee Rowson,Male,16,146,47,23
Urban Laflin,Male,16,170,41,31
Winonah Camplejohn,Female,19,167,46,15
Trudie Romanelli,Female,16,151,50,33
Inna Whitley,Female,17,148,50,52
Jewelle Gerault,Female,18,140,46,63
Abraham Trace,Male,16,164,48,27
Orazio Wooton,Male,17,142,47,60
Ennis Beaten,Male,18,169,48,34
Rosanna Fromont,Female,16,157,47,58
Brandice Bedome,Female,16,152,44,88
Rowney Probin,Male,15,160,45,25
Danya Gardiner,Male,17,163,40,65
Giulia Lockner,Female,18,150,48,46
Megen Casier,Female,19,160,46,36
Kele Wharfe,Male,16,156,43,36
Cheston Cochet,Male,17,164,43,34
Austen Wolfit,Male,15,154,48,22
Janean Rowberry,Polygender,18,154,42,70
Karia Garratty,Female,17,152,44,1
Rodrick Morrant,Male,15,153,46,96
Dyanna Farish,Female,16,140,40,62
Gaye Parlatt,Female,17,168,47,31
Jerad McMeeking,Male,16,141,43,75
Jerrie Rawls,Male,16,155,45,45
Goraud Jakaway,Male,16,143,47,67
Dollie Bartosik,Female,16,159,43,55
Dougy Sweeten,Male,18,146,42,13
Aleen Uglow,Female,17,163,46,63
Jena Colbourn,Female,19,155,42,24
Karoly Faragher,Female,15,144,42,26
Lavinie Handes,Female,16,163,48,1
Bertram Ivanusyev,Polygender,16,159,49,32
Boonie Dach,Male,17,151,41,60
Jamie Podbury,Male,17,156,44,4
Zoe Nevett,Female,18,158,50,37
Melissa Trodden,Female,19,167,48,61
Poppy Beveridge,Bigender,15,156,41,38
Maud Adriani,Female,18,156,49,41
Herrick Ibell,Male,16,150,45,97
Chrissy Moretto,Male,16,143,40,17
Eddie Hessentaler,Female,18,149,41,24
Brunhilde Godfery,Female,19,167,45,67
Adams Trustram,Male,15,146,45,38
Steve Ibbotson,Male,15,145,43,71
Robbyn Krysztowczyk,Female,17,162,42,73
Hanan Retallick,Male,18,140,42,55
Angela Ivantyev,Female,18,159,45,69
Carilyn Stanaway,Female,18,148,44,91
Gwennie Trill,Female,17,150,50,92
Jessie Morlon,Agender,16,170,48,14
Erasmus Kalinke,Male,16,149,45,30
Jolee Farfalameev,Female,17,151,48,25
Dodi Bussey,Female,18,165,50,43
Christal Willison,Female,17,167,47,87
Aldus Rodder,Male,19,143,48,82
Brandais Mordan,Female,16,160,44,87
Alexei Pellitt,Genderqueer,19,155,47,96
Chaddie Straker,Male,16,144,42,56
Myrwyn Mateos,Male,16,150,43,97
Ira Devenport,Male,19,153,40,43
Ingeborg Sorbie,Female,19,142,50,89
Toby Ariss,Male,17,166,49,60
Obadiah Ailsbury,Genderqueer,15,144,40,7
Stinky Fidoe,Male,15,153,44,89
Barr Hatcher,Male,19,148,45,93
Keary Jodrellec,Male,19,170,47,16
Keene Cathro,Male,18,157,47,62
Tierney Mathwin,Female,19,165,41,79
Xena Nitti,Female,15,166,48,56
Vivian Roizn,Female,18,146,49,3
Feodor Bacon,Male,16,154,43,2
Pierson Raraty,Male,15,162,50,49
Everard Gaydon,Male,15,165,48,91
Mace Streetley,Male,16,140,45,80
Camala Getley,Female,16,140,44,2
Devonne Lochrie,Genderqueer,16,141,42,46
Brockie Roxburgh,Male,19,149,43,45
Greg Whitlam,Bigender,17,156,45,58
Leslie Matzl,Male,15,169,45,62
Ransom Worley,Bigender,17,164,45,68
Tammi Biesterfeld,Female,17,160,43,33
Nicolette Bodsworth,Female,16,140,41,21
Inglebert Colgrave,Male,18,142,43,49
Hoebart Bonwell,Genderqueer,18,155,48,74
Wendye Lebrun,Female,17,142,47,63
Vonny Landa,Female,19,149,50,83
Sara Enevoldsen,Female,16,145,41,91
Maje Sallnow,Male,19,152,48,61
Rey Meldrum,Female,19,153,48,9
Elianore Turpin,Female,19,170,42,98
Stanley Ralph,Genderqueer,15,168,42,45
Correy Nequest,Male,17,142,43,19
Roberto Pevreal,Male,15,151,47,21
Yurik Dovydenas,Male,19,156,45,27
Isabelle Slide,Female,17,162,46,73
Bruno Maberley,Male,18,150,44,16
Rinaldo Gosse,Male,18,150,46,31
Hewet Hutchence,Male,16,140,40,62
Hasty Venable,Male,17,146,42,30
Frances Lobell,Female,17,140,48,18
Winne Jammet,Female,19,162,42,65
Johann Leppington,Non-binary,16,140,48,81
Zerk Jenkyn,Male,15,162,50,71
Karolina Magnar,Female,15,157,47,20
Ariana Dawkes,Female,16,163,41,60
Revkah O'Donnell,Female,19,164,41,35
Odelia Rodda,Female,16,168,47,21
Carry Boulde,Female,19,143,47,19
Kimberly Hungerford,Bigender,15,149,41,68
Emera Spires,Female,19,170,46,26
Jaye Grent,Male,15,155,46,3
Elora Coate,Non-binary,17,144,42,47
Jude McGoogan,Genderqueer,18,141,41,55
Nissy Drinkale,Polygender,16,157,44,91
Sonni Savine,Female,15,141,46,50
Suzann Crack,Female,18,143,44,34
Ernesta Orrett,Female,16,140,44,70
Annabelle Wykey,Female,16,141,41,60
Dukie Rothera,Male,16,164,50,17
Carly Gregson,Male,16,152,47,15
Waylon Hinners,Male,18,144,40,20
Sonnnie Pitway,Female,16,154,47,16
Gabie Kreuzer,Male,17,147,46,97
Branden Coldicott,Male,16,145,41,49
Annalee Callander,Female,18,158,40,40
Henryetta Chappell,Female,19,165,41,23
Emmaline Lovegrove,Female,17,168,40,14
Alys McBean,Agender,16,159,49,68
Hammad Liger,Male,16,158,43,18
Electra Tutton,Female,16,156,48,39
Kat Besson,Female,16,170,41,56
Ronna Brakespear,Female,16,147,46,44
Ozzie Rice,Male,16,163,48,83
Dulcy Limming,Female,18,151,49,13
Ailis Shaxby,Female,18,167,43,50
Charla Perone,Female,16,140,42,26
Valentino Casetta,Male,19,170,50,2
Werner Howick,Male,18,168,47,24
Mel Yele,Male,19,170,42,11
Genevra Breyt,Female,15,158,46,19
Kriste Entissle,Female,19,141,40,47
Dalia Cumpsty,Female,18,164,46,20
Tisha Jeandeau,Female,16,167,43,29
Florence Sherville,Female,16,152,41,4
Malinde Coverly,Female,18,164,40,71
Lesya Tullett,Female,17,145,49,62
Holli Buck,Female,17,141,45,98
Christos Hecks,Male,15,168,48,16
Ysabel Feasby,Female,15,155,45,91
Jarid Blayney,Male,19,142,44,78
Hieronymus Dugmore,Male,17,157,43,40
Aguste Harken,Male,18,144,48,29
Rowney Fuxman,Male,18,164,47,0
Aylmar Philippet,Male,15,160,47,22
Westley Pfertner,Male,15,165,49,78
Eyde Oakwood,Female,17,162,46,87
Lishe Nial,Female,15,160,45,24
Che Kort,Male,19,142,42,38
Emlynne Bownas,Female,18,149,44,48
Lilly Croad,Female,19,141,50,32
Aubrey Roantree,Female,19,154,42,68
Delmore Fuzzard,Male,18,145,50,32
Alphonse Kaesmakers,Male,19,144,41,24
Darci Bim,Female,19,159,41,28
Tarra Hurd,Female,19,141,45,78
Andrei Ambrozewicz,Female,19,163,41,58
Gertruda Pym,Female,16,140,48,53
Bealle Stranaghan,Bigender,16,166,44,59
Rod Hiddersley,Male,17,163,49,1
Antonina Seamer,Agender,16,162,50,51
Vassily Everett,Male,17,154,47,92
Jonell Howell,Female,15,140,42,2
Chalmers Tolchard,Male,18,147,46,20
Cece Dahlman,Male,16,164,42,60
Reeta Pietranek,Female,19,149,47,6
Fredericka Dragon,Female,17,144,47,29
Rurik Claridge,Male,18,145,43,13
Bartholemy Iredale,Male,18,140,40,55
Enriqueta Allchorne,Female,18,167,50,91
Nehemiah Artindale,Male,16,151,46,3
Cris Bordessa,Male,15,148,46,70
Trudy Bennen,Female,17,154,49,46
Lulita Smedmoor,Polygender,17,157,43,44
Mufinella Chick,Female,19,149,47,35
Cilka Oddie,Female,16,168,45,51
Consuelo Woodbridge,Female,18,145,40,83
Jillayne Kulas,Female,17,142,49,61
Rockey Ingerson,Male,17,152,50,22
Fritz Pettyfer,Male,15,140,44,76
Sutherlan Goodricke,Genderfluid,18,155,49,17
Sofia Bolwell,Female,17,167,48,36
Lida Eick,Female,15,170,46,86
Marchall Robard,Male,16,161,45,16
Stearne Waggatt,Male,15,151,47,45
Lorrayne Clayton,Bigender,16,157,48,39
Bengt Pennrington,Male,16,148,44,77
Michail Eich,Male,18,164,49,16
Vasily Blaza,Male,18,156,43,64
Lance Inderwick,Male,15,155,46,3
Bradley Aitchinson,Male,18,167,42,52
Keith Petasch,Male,17,158,47,4
Aldridge Lumsdale,Male,18,160,40,34
Gaby Marquand,Female,16,155,40,92
Mindy Bolus,Female,19,166,49,15
Gaynor Fawdery,Genderqueer,19,167,47,10
Octavia Bellew,Female,18,143,48,48
Clayson Enns,Male,16,142,49,22
Zoe Busse,Female,17,160,50,60
Lyda Hache,Female,19,164,40,11
Emelen Eagles,Male,18,170,43,75
Nadia Wasmuth,Female,19,152,45,99
Land Jowsey,Male,16,162,44,9
Reid Younglove,Male,15,153,40,9
Con Beakes,Male,16,168,43,94
Odella Laverack,Female,18,154,42,2
Morgana Bartles,Female,19,143,41,86
Ervin Tolcharde,Male,16,157,45,79
Karia Roistone,Female,15,158,50,18
Annecorinne Sellack,Bigender,15,163,48,1
Leonanie McGougan,Female,16,142,46,88
Thaddeus Durnall,Male,16,164,46,54
Jorry Bresner,Female,15,140,47,55
Robinetta Haily,Bigender,19,161,48,71
Ash Halleybone,Male,18,161,47,54
Lonnie Janczak,Female,16,159,45,99
Chevalier Whitmarsh,Male,19,145,50,62
Paule Berriman,Female,19,168,45,67
Isidoro Cuniam,Male,17,155,46,76
Katlin Fishlee,Female,17,148,45,39
Xena Rawlyns,Female,15,160,48,98
Albina Fellman,Female,19,142,40,2
Jake Sanbroke,Male,19,152,46,91
Rudiger Balducci,Male,19,159,40,43
Kellyann Joburn,Female,18,157,40,42
Art Haydock,Male,16,149,45,55
Romona Sibthorpe,Female,18,157,47,37
Merrill Hucke,Female,17,150,47,33
Glyn Graffham,Female,17,146,41,100
Ardella Embra,Female,19,166,43,83
Ed Scintsbury,Male,18,143,44,81
Banky Chaundy,Male,15,151,45,81
Eloise Schouthede,Female,17,154,50,29
Zedekiah Wolfindale,Male,16,143,46,42
Jayson Evensden,Male,15,169,48,33
Pauly Jeandot,Male,17,168,49,82
Xaviera Spadazzi,Female,15,158,40,0
Peta Brummell,Female,15,153,40,65
Ginevra Cocher,Female,16,145,45,87
Fraser Filipiak,Male,17,163,50,66
Emelen Dreakin,Male,15,140,44,81
Marianne Wrought,Female,19,154,49,28
Belvia Domelow,Non-binary,18,140,48,15
Griff Wozencraft,Male,19,161,45,7
Alissa Nerne,Female,16,166,48,24
Susanna Raynton,Female,16,166,47,33
Kala Huot,Female,19,143,43,66
Garvey Suart,Male,18,146,50,78
Abner Glas,Male,18,146,40,2
Clyve Caso,Male,16,169,41,67
Kerry O'Doran,Agender,17,149,40,64
Cliff Hawken,Male,17,144,50,43
Philly Goodboddy,Female,17,144,42,29
Rayshell Brady,Female,15,147,46,38
Ezechiel Kinneir,Bigender,18,156,44,54
Normand Triggol,Male,17,144,43,4
Chelsie Stockoe,Female,18,156,40,43
Antoinette Jauncey,Female,17,152,43,75
Basil Jakubski,Male,16,164,47,91
Beau Bartleman,Male,16,162,47,50
Abey Casburn,Polygender,19,151,44,94
Adams Tonkes,Male,18,165,43,23
